01b53f5d-8d35-413a-9810-886bffdc7230_20220908_222016.jpg	https://images.squarespace-cdn.com/content/v1/5d3c7cb83781cd0001256ce2/01b53f5d-8d35-413a-9810-886bffdc7230/20220908_222016.jpg
0610fd03-5624-450c-ac4f-146793103e66_algorithm.png	https://images.squarespace-cdn.com/content/v1/5d3c7cb83781cd0001256ce2/0610fd03-5624-450c-ac4f-146793103e66/algorithm.png
0cb30503-1ad7-427e-bfb3-614112aa40fd_sq_background.png	https://images.squarespace-cdn.com/content/v1/5d3c7cb83781cd0001256ce2/0cb30503-1ad7-427e-bfb3-614112aa40fd/sq_background.png
0db84073-a756-462a-9fad-a3c97d11de7c_Tesselation_19_cropped.png	https://images.squarespace-cdn.com/content/v1/5d3c7cb83781cd0001256ce2/0db84073-a756-462a-9fad-a3c97d11de7c/Tesselation_19_cropped.png
1565826711279-BJGY33GSGTSJCNDKCHXD_background_crop.png	https://images.squarespace-cdn.com/content/v1/5d3c7cb83781cd0001256ce2/1565826711279-BJGY33GSGTSJCNDKCHXD/background_crop.png
1569462340289-ZV8M02AN4UVI3GSEK0ZA_background.png	https://images.squarespace-cdn.com/content/v1/5d3c7cb83781cd0001256ce2/1569462340289-ZV8M02AN4UVI3GSEK0ZA/background.png
1569463515900-B03425V6Q7D7GN5BC8BO_googleinvite.png	https://images.squarespace-cdn.com/content/v1/5d3c7cb83781cd0001256ce2/1569463515900-B03425V6Q7D7GN5BC8BO/googleinvite.png
1569463539958-8RDXMYFT74W7BZZQHL83_google-foobar.jpg	https://images.squarespace-cdn.com/content/v1/5d3c7cb83781cd0001256ce2/1569463539958-8RDXMYFT74W7BZZQHL83/google-foobar.jpg
1569463728928-890W9DN43VQFOYL28NVO_motorModel_crop.png	https://images.squarespace-cdn.com/content/v1/5d3c7cb83781cd0001256ce2/1569463728928-890W9DN43VQFOYL28NVO/motorModel_crop.png
1569463749335-AVTKMLUDDFXXATE19IOW_IMG_20181204_102532.jpg	https://images.squarespace-cdn.com/content/v1/5d3c7cb83781cd0001256ce2/1569463749335-AVTKMLUDDFXXATE19IOW/IMG_20181204_102532.jpg
1569463967573-3ULQAPWN3Z1VIAXZSEG0_StarQuest.png	https://images.squarespace-cdn.com/content/v1/5d3c7cb83781cd0001256ce2/1569463967573-3ULQAPWN3Z1VIAXZSEG0/StarQuest.png
1569543267861-ESQ648KTCT8M8NCK7XHH_google-foobar.jpg	https://images.squarespace-cdn.com/content/v1/5d3c7cb83781cd0001256ce2/1569543267861-ESQ648KTCT8M8NCK7XHH/google-foobar.jpg
1569544101827-YXCXU5YM22VX1Z00MTZX_boyscouts.png	https://images.squarespace-cdn.com/content/v1/5d3c7cb83781cd0001256ce2/1569544101827-YXCXU5YM22VX1Z00MTZX/boyscouts.png
1569544209708-QCFODBNOVJEEUCLK5WIQ_orgt.JPG	https://images.squarespace-cdn.com/content/v1/5d3c7cb83781cd0001256ce2/1569544209708-QCFODBNOVJEEUCLK5WIQ/orgt.JPG
1569698699309-6KQ1LVTK6BCPAGO2EVOC_vs2_flipboard_header_014.jpg	https://images.squarespace-cdn.com/content/v1/5d3c7cb83781cd0001256ce2/1569698699309-6KQ1LVTK6BCPAGO2EVOC/vs2_flipboard_header_014.jpg
1569698778419-ELEUKNBZ20V55PWAK2FH_ailogo.jpg	https://images.squarespace-cdn.com/content/v1/5d3c7cb83781cd0001256ce2/1569698778419-ELEUKNBZ20V55PWAK2FH/ailogo.jpg
1569698837037-0WADFRLXPBTXGROB3QVT_Norfolk_Southern_Follow_Up_1.jpg	https://images.squarespace-cdn.com/content/v1/5d3c7cb83781cd0001256ce2/1569698837037-0WADFRLXPBTXGROB3QVT/Norfolk_Southern_Follow_Up_1.jpg
1569714019352-GAFR6QOLTJ943WVL3PXA_ailogo_transparent.png	https://images.squarespace-cdn.com/content/v1/5d3c7cb83781cd0001256ce2/1569714019352-GAFR6QOLTJ943WVL3PXA/ailogo_transparent.png
1569717133060-2Q3B3VS92XA99A1ZO0QU_burhanazeem.png	https://images.squarespace-cdn.com/content/v1/5d3c7cb83781cd0001256ce2/1569717133060-2Q3B3VS92XA99A1ZO0QU/burhanazeem.png
1569717248491-977MLCHOLNK3I0LX8WT9_burhancanvassers.png	https://images.squarespace-cdn.com/content/v1/5d3c7cb83781cd0001256ce2/1569717248491-977MLCHOLNK3I0LX8WT9/burhancanvassers.png
1569719242532-6Y4T7FNGJY2TUMVOECO9_dibujaron.png	https://images.squarespace-cdn.com/content/v1/5d3c7cb83781cd0001256ce2/1569719242532-6Y4T7FNGJY2TUMVOECO9/dibujaron.png
1570385257758-BUSBUTGS44C4521ZXLZC_OpenTTD.png	https://images.squarespace-cdn.com/content/v1/5d3c7cb83781cd0001256ce2/1570385257758-BUSBUTGS44C4521ZXLZC/OpenTTD.png
1573322548503-Y0WRDUB4Y3JRIUQ1H5Y5_Davimap.jpg	https://images.squarespace-cdn.com/content/v1/5d3c7cb83781cd0001256ce2/1573322548503-Y0WRDUB4Y3JRIUQ1H5Y5/Davimap.jpg
1574527880434-SEMH7DFJ3I7409JHHKLD_image-asset.png	https://images.squarespace-cdn.com/content/v1/5d3c7cb83781cd0001256ce2/1574527880434-SEMH7DFJ3I7409JHHKLD/image-asset.png
1574996987175-MU6S3M1VC6I92AB8TJRD_amigobot.jpg	https://images.squarespace-cdn.com/content/v1/5d3c7cb83781cd0001256ce2/1574996987175-MU6S3M1VC6I92AB8TJRD/amigobot.jpg
1574997521350-A14O7NC9606NSN23BPNO_image-asset.jpeg	https://images.squarespace-cdn.com/content/v1/5d3c7cb83781cd0001256ce2/1574997521350-A14O7NC9606NSN23BPNO/image-asset.jpeg
1574997574691-I529RJIHIF21UG0SQI83_image-asset.jpeg	https://images.squarespace-cdn.com/content/v1/5d3c7cb83781cd0001256ce2/1574997574691-I529RJIHIF21UG0SQI83/image-asset.jpeg
1575221749709-8RM66FL83ZXLAIG21467_books.png	https://images.squarespace-cdn.com/content/v1/5d3c7cb83781cd0001256ce2/1575221749709-8RM66FL83ZXLAIG21467/books.png
1575221866094-7ENFPB0T7V8LPYIKADSE_links.jpg	https://images.squarespace-cdn.com/content/v1/5d3c7cb83781cd0001256ce2/1575221866094-7ENFPB0T7V8LPYIKADSE/links.jpg
1575222194067-3O3ASOXRDY1HKZ845UZL_IMG_20181126_155440.jpg	https://images.squarespace-cdn.com/content/v1/5d3c7cb83781cd0001256ce2/1575222194067-3O3ASOXRDY1HKZ845UZL/IMG_20181126_155440.jpg
1575740294072-9SH29LF84EVOM6T0DKCH_background.png	https://images.squarespace-cdn.com/content/v1/5d3c7cb83781cd0001256ce2/1575740294072-9SH29LF84EVOM6T0DKCH/background.png
1575741351092-U6EZU2K86UVLARX1R7QI_image-asset.png	https://images.squarespace-cdn.com/content/v1/5d3c7cb83781cd0001256ce2/1575741351092-U6EZU2K86UVLARX1R7QI/image-asset.png
1575825176517-N52I3G6FVDVSHQTNNS46_image-asset.png	https://images.squarespace-cdn.com/content/v1/5d3c7cb83781cd0001256ce2/1575825176517-N52I3G6FVDVSHQTNNS46/image-asset.png
1575825603220-BUSB980MTFOWV9530B9A_image-asset.png	https://images.squarespace-cdn.com/content/v1/5d3c7cb83781cd0001256ce2/1575825603220-BUSB980MTFOWV9530B9A/image-asset.png
1575825847800-7WA7JRMEXZ4P4ZBGMQCR_image-asset.png	https://images.squarespace-cdn.com/content/v1/5d3c7cb83781cd0001256ce2/1575825847800-7WA7JRMEXZ4P4ZBGMQCR/image-asset.png
1575826096626-O7Q3JEHIJHJY4AQNZKPJ_image-asset.png	https://images.squarespace-cdn.com/content/v1/5d3c7cb83781cd0001256ce2/1575826096626-O7Q3JEHIJHJY4AQNZKPJ/image-asset.png
1575826406819-7L7VTZO9FHT8PJXDGQRP_image-asset.png	https://images.squarespace-cdn.com/content/v1/5d3c7cb83781cd0001256ce2/1575826406819-7L7VTZO9FHT8PJXDGQRP/image-asset.png
1575826819253-V21N8YW8299I4P0OCMZO_image.jpg	https://images.squarespace-cdn.com/content/v1/5d3c7cb83781cd0001256ce2/1575826819253-V21N8YW8299I4P0OCMZO/image.jpg
1575826996010-DFE4BX2SNWCLYIAVRY3Z_Social_Media_Benefits.png	https://images.squarespace-cdn.com/content/v1/5d3c7cb83781cd0001256ce2/1575826996010-DFE4BX2SNWCLYIAVRY3Z/Social_Media_Benefits.png
1577676279283-6D2PQJPHBV6YNB2OX27U_MO31mz8.jpg	https://images.squarespace-cdn.com/content/v1/5d3c7cb83781cd0001256ce2/1577676279283-6D2PQJPHBV6YNB2OX27U/MO31mz8.jpg
1577676284121-WYRFJ20UDYFDXTMF2GZT_z5sGCFc.jpg	https://images.squarespace-cdn.com/content/v1/5d3c7cb83781cd0001256ce2/1577676284121-WYRFJ20UDYFDXTMF2GZT/z5sGCFc.jpg
1577676324514-RMFGDCVVAHVNMAH61MOU_xlnzlO8.png	https://images.squarespace-cdn.com/content/v1/5d3c7cb83781cd0001256ce2/1577676324514-RMFGDCVVAHVNMAH61MOU/xlnzlO8.png
1577676326024-WX1F71SRB8A4Z61N609I_VVhgAOs.jpg	https://images.squarespace-cdn.com/content/v1/5d3c7cb83781cd0001256ce2/1577676326024-WX1F71SRB8A4Z61N609I/VVhgAOs.jpg
1577676329902-XAUK6HS3PK422X9GZ73H_r7wF1Ln.jpg	https://images.squarespace-cdn.com/content/v1/5d3c7cb83781cd0001256ce2/1577676329902-XAUK6HS3PK422X9GZ73H/r7wF1Ln.jpg
1577676335873-J9GVJC6Y5BCI6XSXYR27_5Nzg0pU.jpg	https://images.squarespace-cdn.com/content/v1/5d3c7cb83781cd0001256ce2/1577676335873-J9GVJC6Y5BCI6XSXYR27/5Nzg0pU.jpg
1577676444228-TJFXW4XWHP5GWPT4439A_CVB88S2.jpg	https://images.squarespace-cdn.com/content/v1/5d3c7cb83781cd0001256ce2/1577676444228-TJFXW4XWHP5GWPT4439A/CVB88S2.jpg
1577677760494-H6DX2H21WFPUPH2RWRPE_Arenstad_small.png	https://images.squarespace-cdn.com/content/v1/5d3c7cb83781cd0001256ce2/1577677760494-H6DX2H21WFPUPH2RWRPE/Arenstad_small.png
1577677782437-KWUYP9S4BM4EMJBZDVZA_Kattadi_smallpng.png	https://images.squarespace-cdn.com/content/v1/5d3c7cb83781cd0001256ce2/1577677782437-KWUYP9S4BM4EMJBZDVZA/Kattadi_smallpng.png
1577677785614-TNRLXRWB3XT4HTTVNPZY_xylos_small.png	https://images.squarespace-cdn.com/content/v1/5d3c7cb83781cd0001256ce2/1577677785614-TNRLXRWB3XT4HTTVNPZY/xylos_small.png
1577677793724-XUQI06DG3BF2VA4IQZ32_grallion2_small.png	https://images.squarespace-cdn.com/content/v1/5d3c7cb83781cd0001256ce2/1577677793724-XUQI06DG3BF2VA4IQZ32/grallion2_small.png
1577677881542-LKUXR6TDPZLB44XOPQI1_Sabaka_small.png	https://images.squarespace-cdn.com/content/v1/5d3c7cb83781cd0001256ce2/1577677881542-LKUXR6TDPZLB44XOPQI1/Sabaka_small.png
1577677891910-00LA4HHRJGSQMTB1QLX5_Izifo_small.png	https://images.squarespace-cdn.com/content/v1/5d3c7cb83781cd0001256ce2/1577677891910-00LA4HHRJGSQMTB1QLX5/Izifo_small.png
1577677901914-M4DKWXDNIC3R2SBGXZ9Q_Canora_small.png	https://images.squarespace-cdn.com/content/v1/5d3c7cb83781cd0001256ce2/1577677901914-M4DKWXDNIC3R2SBGXZ9Q/Canora_small.png
1577678498924-JG5PQXTR24OSK54LDVG2_MO31mz8.jpg	https://images.squarespace-cdn.com/content/v1/5d3c7cb83781cd0001256ce2/1577678498924-JG5PQXTR24OSK54LDVG2/MO31mz8.jpg
1577678541534-Z5STATXSUH1Y73OKKAG7_Sabaka_small.png	https://images.squarespace-cdn.com/content/v1/5d3c7cb83781cd0001256ce2/1577678541534-Z5STATXSUH1Y73OKKAG7/Sabaka_small.png
1577922644781-L42OBN8E52229Y96VHMP_dibujaron.png	https://images.squarespace-cdn.com/content/v1/5d3c7cb83781cd0001256ce2/1577922644781-L42OBN8E52229Y96VHMP/dibujaron.png
1593894469758-5LSI0HQOQGU9F8DE5ALH_Capture2.PNG	https://images.squarespace-cdn.com/content/v1/5d3c7cb83781cd0001256ce2/1593894469758-5LSI0HQOQGU9F8DE5ALH/Capture2.PNG
1593894540105-COWGVBB22QH7NPEFGGPH_Capture3.PNG	https://images.squarespace-cdn.com/content/v1/5d3c7cb83781cd0001256ce2/1593894540105-COWGVBB22QH7NPEFGGPH/Capture3.PNG
1593894582895-OD8UJBRSUV87P2ZCQS2W_catalog_phe.png	https://images.squarespace-cdn.com/content/v1/5d3c7cb83781cd0001256ce2/1593894582895-OD8UJBRSUV87P2ZCQS2W/catalog_phe.png
1593894582897-4S8V8G0X69IXWM3PN1TS_catalog_rijay.png	https://images.squarespace-cdn.com/content/v1/5d3c7cb83781cd0001256ce2/1593894582897-4S8V8G0X69IXWM3PN1TS/catalog_rijay.png
1593894583248-RJ55G6DSF2JNLOM3YPKK_SlimAndPointy.png	https://images.squarespace-cdn.com/content/v1/5d3c7cb83781cd0001256ce2/1593894583248-RJ55G6DSF2JNLOM3YPKK/SlimAndPointy.png
1593894654963-5E2OPI5TJQUIK7G3KV1D_Capture4.PNG	https://images.squarespace-cdn.com/content/v1/5d3c7cb83781cd0001256ce2/1593894654963-5E2OPI5TJQUIK7G3KV1D/Capture4.PNG
1593895075381-M8TW5IOYWI3ADH5PJQFH_Capture6.PNG	https://images.squarespace-cdn.com/content/v1/5d3c7cb83781cd0001256ce2/1593895075381-M8TW5IOYWI3ADH5PJQFH/Capture6.PNG
1593895240598-T6GTI49C1MWVILW7A258_Capture7.png	https://images.squarespace-cdn.com/content/v1/5d3c7cb83781cd0001256ce2/1593895240598-T6GTI49C1MWVILW7A258/Capture7.png
1594424310922-0R0SJTBIV0UL4BL74QOZ_Capture.PNG	https://images.squarespace-cdn.com/content/v1/5d3c7cb83781cd0001256ce2/1594424310922-0R0SJTBIV0UL4BL74QOZ/Capture.PNG
1594424393821-IS19WL73IMGOLSRR5KB0_Capture1.PNG	https://images.squarespace-cdn.com/content/v1/5d3c7cb83781cd0001256ce2/1594424393821-IS19WL73IMGOLSRR5KB0/Capture1.PNG
1594424421082-C4WAH9DN1IO9WOPL6N7N_Capture7.PNG	https://images.squarespace-cdn.com/content/v1/5d3c7cb83781cd0001256ce2/1594424421082-C4WAH9DN1IO9WOPL6N7N/Capture7.PNG
1594424467087-6CT7L5CSPK9C7YOLF39D_Capture2.PNG	https://images.squarespace-cdn.com/content/v1/5d3c7cb83781cd0001256ce2/1594424467087-6CT7L5CSPK9C7YOLF39D/Capture2.PNG
1594424509633-1H0KR18QO8NBAF4QUO2A_Capture3.PNG	https://images.squarespace-cdn.com/content/v1/5d3c7cb83781cd0001256ce2/1594424509633-1H0KR18QO8NBAF4QUO2A/Capture3.PNG
1594424552786-Y624NXOY2HOC7JF241OP_Capture4.PNG	https://images.squarespace-cdn.com/content/v1/5d3c7cb83781cd0001256ce2/1594424552786-Y624NXOY2HOC7JF241OP/Capture4.PNG
1594424578452-9LBUCYXU18O520I617RT_Capture12.PNG	https://images.squarespace-cdn.com/content/v1/5d3c7cb83781cd0001256ce2/1594424578452-9LBUCYXU18O520I617RT/Capture12.PNG
1594757335305-BV6BNBKBYN64GI73Y0SO_Capture.PNG	https://images.squarespace-cdn.com/content/v1/5d3c7cb83781cd0001256ce2/1594757335305-BV6BNBKBYN64GI73Y0SO/Capture.PNG
1595293700271-KMF1X3NF0RN85XZPQPHX_SAAM-1935.13.286_1.jpg	https://images.squarespace-cdn.com/content/v1/5d3c7cb83781cd0001256ce2/1595293700271-KMF1X3NF0RN85XZPQPHX/SAAM-1935.13.286_1.jpg
1595293730433-5V30W5JRT5RXIKUOYQ27_image-asset.jpeg	https://images.squarespace-cdn.com/content/v1/5d3c7cb83781cd0001256ce2/1595293730433-5V30W5JRT5RXIKUOYQ27/image-asset.jpeg
1595295471558-2GMGLK7PEXBHB0CGB27T_vs2.jpg	https://images.squarespace-cdn.com/content/v1/5d3c7cb83781cd0001256ce2/1595295471558-2GMGLK7PEXBHB0CGB27T/vs2.jpg
1595295870435-CTJPJHT9IQXLFNKQJBS5_motorModel.jpg	https://images.squarespace-cdn.com/content/v1/5d3c7cb83781cd0001256ce2/1595295870435-CTJPJHT9IQXLFNKQJBS5/motorModel.jpg
1598972785919-CZI8L7IHM99O97G3DFOV_image2020-8-17_15-5-57.png	https://images.squarespace-cdn.com/content/v1/5d3c7cb83781cd0001256ce2/1598972785919-CZI8L7IHM99O97G3DFOV/image2020-8-17_15-5-57.png
1598973480777-IVUFPVHJVOBSULNSO6NC_image2020-8-17_15-5-57.png	https://images.squarespace-cdn.com/content/v1/5d3c7cb83781cd0001256ce2/1598973480777-IVUFPVHJVOBSULNSO6NC/image2020-8-17_15-5-57.png
1607827865424-DWLCC45UHPKF90BIU0H0_PXL_20201213_023440836.jpg	https://images.squarespace-cdn.com/content/v1/5d3c7cb83781cd0001256ce2/1607827865424-DWLCC45UHPKF90BIU0H0/PXL_20201213_023440836.jpg
1610237010207-P1BEZSH0GKIBSKORC6C4_PXL_20210108_015816135_2.jpg	https://images.squarespace-cdn.com/content/v1/5d3c7cb83781cd0001256ce2/1610237010207-P1BEZSH0GKIBSKORC6C4/PXL_20210108_015816135_2.jpg
1610237084926-B3QKHD6T6IW9AFD2CK2Z_IMG_4533.jpg	https://images.squarespace-cdn.com/content/v1/5d3c7cb83781cd0001256ce2/1610237084926-B3QKHD6T6IW9AFD2CK2Z/IMG_4533.jpg
1610237476418-FRQY68XQ0WJGY3250G7O_PXL_20201213_023440836.jpg	https://images.squarespace-cdn.com/content/v1/5d3c7cb83781cd0001256ce2/1610237476418-FRQY68XQ0WJGY3250G7O/PXL_20201213_023440836.jpg
1611250718201-XKJZE3N314PZ6IH2T2BR_PXL_20210108_015816135_2.jpg	https://images.squarespace-cdn.com/content/v1/5d3c7cb83781cd0001256ce2/1611250718201-XKJZE3N314PZ6IH2T2BR/PXL_20210108_015816135_2.jpg
1611260018581-LPLZ47LJ2YXQX0BNAK2O_distanthorizon_ingame.PNG	https://images.squarespace-cdn.com/content/v1/5d3c7cb83781cd0001256ce2/1611260018581-LPLZ47LJ2YXQX0BNAK2O/distanthorizon_ingame.PNG
1611260043028-I9SR6UTH40LSNAWDR0B5_dhlogo.PNG	https://images.squarespace-cdn.com/content/v1/5d3c7cb83781cd0001256ce2/1611260043028-I9SR6UTH40LSNAWDR0B5/dhlogo.PNG
1611260086413-1B4V4WXQ20UZCL4B55OS_distanthorizon_market.PNG	https://images.squarespace-cdn.com/content/v1/5d3c7cb83781cd0001256ce2/1611260086413-1B4V4WXQ20UZCL4B55OS/distanthorizon_market.PNG
1611260142006-LPGXW74TW1RFRQGEGQWW_amigobot.jpg	https://images.squarespace-cdn.com/content/v1/5d3c7cb83781cd0001256ce2/1611260142006-LPGXW74TW1RFRQGEGQWW/amigobot.jpg
1611260933536-RPC9AQOUM8YAV5QYQ0Y4_boyscouts.png	https://images.squarespace-cdn.com/content/v1/5d3c7cb83781cd0001256ce2/1611260933536-RPC9AQOUM8YAV5QYQ0Y4/boyscouts.png
1612384925567-OIRT9U8V6LMDRNEETRUD_tesselation_8.jpg	https://images.squarespace-cdn.com/content/v1/5d3c7cb83781cd0001256ce2/1612384925567-OIRT9U8V6LMDRNEETRUD/tesselation_8.jpg
1612384974917-5C4OTVYY1LPNZO1X8SOX_tesselation_8.jpg	https://images.squarespace-cdn.com/content/v1/5d3c7cb83781cd0001256ce2/1612384974917-5C4OTVYY1LPNZO1X8SOX/tesselation_8.jpg
1612580324754-CALYGS6QSJNP3GARF325_tesselation_14_enhanced.jpg	https://images.squarespace-cdn.com/content/v1/5d3c7cb83781cd0001256ce2/1612580324754-CALYGS6QSJNP3GARF325/tesselation_14_enhanced.jpg
1612580585359-GC463B1CTKSGL5K2OFBV_tesselation_14_enhanced.jpg	https://images.squarespace-cdn.com/content/v1/5d3c7cb83781cd0001256ce2/1612580585359-GC463B1CTKSGL5K2OFBV/tesselation_14_enhanced.jpg
1612580779555-72152BS9SX4B87C6Q0J1_tesselation_8_framed.jpg	https://images.squarespace-cdn.com/content/v1/5d3c7cb83781cd0001256ce2/1612580779555-72152BS9SX4B87C6Q0J1/tesselation_8_framed.jpg
1612580996315-REFPMRYFLW3GNJSESDA8_Capture.PNG	https://images.squarespace-cdn.com/content/v1/5d3c7cb83781cd0001256ce2/1612580996315-REFPMRYFLW3GNJSESDA8/Capture.PNG
1614443763103-DPAB3L4E988BBFV46TO9_PXL_20210227_042640120.jpg	https://images.squarespace-cdn.com/content/v1/5d3c7cb83781cd0001256ce2/1614443763103-DPAB3L4E988BBFV46TO9/PXL_20210227_042640120.jpg
1614443973141-NC6471XMA2GL1WD5KNSS_snowfall_over_cathedral_small.png	https://images.squarespace-cdn.com/content/v1/5d3c7cb83781cd0001256ce2/1614443973141-NC6471XMA2GL1WD5KNSS/snowfall_over_cathedral_small.png
1614444058647-2PMQ7F2W4W15UTY8JL2A_snowfall_over_cathedral_small.png	https://images.squarespace-cdn.com/content/v1/5d3c7cb83781cd0001256ce2/1614444058647-2PMQ7F2W4W15UTY8JL2A/snowfall_over_cathedral_small.png
1619479149611-390WLBX9EKA3V943U82R_springtime_small.jpg	https://images.squarespace-cdn.com/content/v1/5d3c7cb83781cd0001256ce2/1619479149611-390WLBX9EKA3V943U82R/springtime_small.jpg
1660874557980-FLL84HGU6TK5L8O3UZL3_2022-08-18_20.12.39.png	https://images.squarespace-cdn.com/content/v1/5d3c7cb83781cd0001256ce2/1660874557980-FLL84HGU6TK5L8O3UZL3/2022-08-18_20.12.39.png
1664658029488-D1VUP38771I3L083H7AP_snowfall_over_cathedral_small.png	https://images.squarespace-cdn.com/content/v1/5d3c7cb83781cd0001256ce2/1664658029488-D1VUP38771I3L083H7AP/snowfall_over_cathedral_small.png
1672150524091-ZGRNU2XWQHWSYHOYAEHX_PXL_20221126_180259144.jpg	https://images.squarespace-cdn.com/content/v1/5d3c7cb83781cd0001256ce2/1672150524091-ZGRNU2XWQHWSYHOYAEHX/PXL_20221126_180259144.jpg
1672150524117-C7DRPMMTUU84IMFBM6OA_PXL_20221125_200254981.jpg	https://images.squarespace-cdn.com/content/v1/5d3c7cb83781cd0001256ce2/1672150524117-C7DRPMMTUU84IMFBM6OA/PXL_20221125_200254981.jpg
1672150528273-67EPOMU6KVWYDXTXEBAG_PXL_20221128_140900643.jpg	https://images.squarespace-cdn.com/content/v1/5d3c7cb83781cd0001256ce2/1672150528273-67EPOMU6KVWYDXTXEBAG/PXL_20221128_140900643.jpg
1672150528977-TH8S2IU0ZEF1ZK28NGOO_PXL_20221129_002935193.jpg	https://images.squarespace-cdn.com/content/v1/5d3c7cb83781cd0001256ce2/1672150528977-TH8S2IU0ZEF1ZK28NGOO/PXL_20221129_002935193.jpg
1681521730238-0O1MTZSHCHR92W48N4U2_PXL_20221210_001611977.jpg	https://images.squarespace-cdn.com/content/v1/5d3c7cb83781cd0001256ce2/1681521730238-0O1MTZSHCHR92W48N4U2/PXL_20221210_001611977.jpg
1681521730505-ORZQOJA7HNF4PWNAJ3HO_PXL_20221202_023633233.jpg	https://images.squarespace-cdn.com/content/v1/5d3c7cb83781cd0001256ce2/1681521730505-ORZQOJA7HNF4PWNAJ3HO/PXL_20221202_023633233.jpg
1681521732273-Z5VQGM7T7JCBXINLPPWY_PXL_20221202_024212598.jpg	https://images.squarespace-cdn.com/content/v1/5d3c7cb83781cd0001256ce2/1681521732273-Z5VQGM7T7JCBXINLPPWY/PXL_20221202_024212598.jpg
1681521732935-UUXPRN9Q9XR42CKCPE61_PXL_20221202_025122811.jpg	https://images.squarespace-cdn.com/content/v1/5d3c7cb83781cd0001256ce2/1681521732935-UUXPRN9Q9XR42CKCPE61/PXL_20221202_025122811.jpg
1681521734559-K34EV4S7ZBO24BVQQZ0I_PXL_20221202_034203780.jpg	https://images.squarespace-cdn.com/content/v1/5d3c7cb83781cd0001256ce2/1681521734559-K34EV4S7ZBO24BVQQZ0I/PXL_20221202_034203780.jpg
1681521735043-KLSVS8Z1A67VLJW0IHCC_PXL_20221202_234402819.jpg	https://images.squarespace-cdn.com/content/v1/5d3c7cb83781cd0001256ce2/1681521735043-KLSVS8Z1A67VLJW0IHCC/PXL_20221202_234402819.jpg
1681521736587-KKOPDX6X13YNUJYFYPP1_PXL_20221203_015407345.jpg	https://images.squarespace-cdn.com/content/v1/5d3c7cb83781cd0001256ce2/1681521736587-KKOPDX6X13YNUJYFYPP1/PXL_20221203_015407345.jpg
1681521737075-A9ECVHIY80IVJ3T77O4C_PXL_20221204_164257224.jpg	https://images.squarespace-cdn.com/content/v1/5d3c7cb83781cd0001256ce2/1681521737075-A9ECVHIY80IVJ3T77O4C/PXL_20221204_164257224.jpg
1681521738786-6GZ0PLVDVS9U3AUK35YQ_PXL_20221204_193213470.jpg	https://images.squarespace-cdn.com/content/v1/5d3c7cb83781cd0001256ce2/1681521738786-6GZ0PLVDVS9U3AUK35YQ/PXL_20221204_193213470.jpg
1681521739430-DWU3SBJ8S7IPS7S1WZFO_PXL_20221204_234031337.jpg	https://images.squarespace-cdn.com/content/v1/5d3c7cb83781cd0001256ce2/1681521739430-DWU3SBJ8S7IPS7S1WZFO/PXL_20221204_234031337.jpg
1681521741357-N8XQEQNH80QBS16K7RU6_PXL_20221206_024438024.jpg	https://images.squarespace-cdn.com/content/v1/5d3c7cb83781cd0001256ce2/1681521741357-N8XQEQNH80QBS16K7RU6/PXL_20221206_024438024.jpg
1681521741899-UEDSRERGZ9MR8IXSSNBM_PXL_20221209_001726440.jpg	https://images.squarespace-cdn.com/content/v1/5d3c7cb83781cd0001256ce2/1681521741899-UEDSRERGZ9MR8IXSSNBM/PXL_20221209_001726440.jpg
1681521743948-EXYB1YD6PGPUTBKEV1HN_PXL_20221209_021602443.jpg	https://images.squarespace-cdn.com/content/v1/5d3c7cb83781cd0001256ce2/1681521743948-EXYB1YD6PGPUTBKEV1HN/PXL_20221209_021602443.jpg
1681521744365-7VNLTP800M8XQJT9AF4F_PXL_20221209_030416619.jpg	https://images.squarespace-cdn.com/content/v1/5d3c7cb83781cd0001256ce2/1681521744365-7VNLTP800M8XQJT9AF4F/PXL_20221209_030416619.jpg
1681521746729-XK9L5ZNT1FB56I3IGSKK_PXL_20221209_235751107.jpg	https://images.squarespace-cdn.com/content/v1/5d3c7cb83781cd0001256ce2/1681521746729-XK9L5ZNT1FB56I3IGSKK/PXL_20221209_235751107.jpg
1681521747045-NDM9189OQ1F7T9MNEIWP_PXL_20221210_000720860.jpg	https://images.squarespace-cdn.com/content/v1/5d3c7cb83781cd0001256ce2/1681521747045-NDM9189OQ1F7T9MNEIWP/PXL_20221210_000720860.jpg
1681521748856-C7A91GWBLEECNX53GC0A_PXL_20221210_001424195.jpg	https://images.squarespace-cdn.com/content/v1/5d3c7cb83781cd0001256ce2/1681521748856-C7A91GWBLEECNX53GC0A/PXL_20221210_001424195.jpg
1681521853068-FBYCJ3GMCCJDN21VYF7U_PXL_20221210_200910916.jpg	https://images.squarespace-cdn.com/content/v1/5d3c7cb83781cd0001256ce2/1681521853068-FBYCJ3GMCCJDN21VYF7U/PXL_20221210_200910916.jpg
1681522044674-2G2BFBNJOAM8FGMI8P08_PXL_20221231_195906923.jpg	https://images.squarespace-cdn.com/content/v1/5d3c7cb83781cd0001256ce2/1681522044674-2G2BFBNJOAM8FGMI8P08/PXL_20221231_195906923.jpg
1681522049997-8Y4TH3WEFYCP8NIIXAIU_PXL_20221220_005638763.jpg	https://images.squarespace-cdn.com/content/v1/5d3c7cb83781cd0001256ce2/1681522049997-8Y4TH3WEFYCP8NIIXAIU/PXL_20221220_005638763.jpg
1703625863180-Q0C6WPANA0FR1LJO0YPL_2023-12-26_11.15.13.png	https://images.squarespace-cdn.com/content/v1/5d3c7cb83781cd0001256ce2/1703625863180-Q0C6WPANA0FR1LJO0YPL/2023-12-26_11.15.13.png
1feff40d-4788-475e-bea3-4025556e41b9_2022-08-18_20.15.57.png	https://images.squarespace-cdn.com/content/v1/5d3c7cb83781cd0001256ce2/1feff40d-4788-475e-bea3-4025556e41b9/2022-08-18_20.15.57.png
2e7278c6-c76c-4d92-8f9c-c938cf64c9ea_2023-12-26_11.09.34.png	https://images.squarespace-cdn.com/content/v1/5d3c7cb83781cd0001256ce2/2e7278c6-c76c-4d92-8f9c-c938cf64c9ea/2023-12-26_11.09.34.png
34d21e12-ba99-44b6-9141-9b447524b03f_2023-12-26_11.11.57.png	https://images.squarespace-cdn.com/content/v1/5d3c7cb83781cd0001256ce2/34d21e12-ba99-44b6-9141-9b447524b03f/2023-12-26_11.11.57.png
36428c16-4d08-4197-bd9d-f3badb72ae04_2023-12-26_11.15.13.png	https://images.squarespace-cdn.com/content/v1/5d3c7cb83781cd0001256ce2/36428c16-4d08-4197-bd9d-f3badb72ae04/2023-12-26_11.15.13.png
3a9c3d17-162b-49ac-bda7-e87ce336c1c7_7509881363533839355.jpg	https://images.squarespace-cdn.com/content/v1/5d3c7cb83781cd0001256ce2/3a9c3d17-162b-49ac-bda7-e87ce336c1c7/7509881363533839355.jpg
44c53d36-6446-4bbc-9b5e-7838dba212c8_2023-12-26_11.15.15.png	https://images.squarespace-cdn.com/content/v1/5d3c7cb83781cd0001256ce2/44c53d36-6446-4bbc-9b5e-7838dba212c8/2023-12-26_11.15.15.png
44f5a44f-f422-4997-b843-337d1e0f79d5_algorithm.png	https://images.squarespace-cdn.com/content/v1/5d3c7cb83781cd0001256ce2/44f5a44f-f422-4997-b843-337d1e0f79d5/algorithm.png
45b9b0d8-0160-4b1b-8f99-cce1f2fe46c6_PXL_20221118_024836195.jpg	https://images.squarespace-cdn.com/content/v1/5d3c7cb83781cd0001256ce2/45b9b0d8-0160-4b1b-8f99-cce1f2fe46c6/PXL_20221118_024836195.jpg
464099eb-ba15-4965-8dd8-ec78491a4def_20220614_225622.jpg	https://images.squarespace-cdn.com/content/v1/5d3c7cb83781cd0001256ce2/464099eb-ba15-4965-8dd8-ec78491a4def/20220614_225622.jpg
4a47ba59-4e3b-4b74-a8e1-5943e7b740b3_IMG-20221225-WA0001.jpg	https://images.squarespace-cdn.com/content/v1/5d3c7cb83781cd0001256ce2/4a47ba59-4e3b-4b74-a8e1-5943e7b740b3/IMG-20221225-WA0001.jpg
53bc017f-1870-4259-a7a2-6a9258cd9a9a_algorithm.png	https://images.squarespace-cdn.com/content/v1/5d3c7cb83781cd0001256ce2/53bc017f-1870-4259-a7a2-6a9258cd9a9a/algorithm.png
558031ba-b087-42b5-912b-557877564a0a_20220908_222026.jpg	https://images.squarespace-cdn.com/content/v1/5d3c7cb83781cd0001256ce2/558031ba-b087-42b5-912b-557877564a0a/20220908_222026.jpg
57db4982-cf58-49c6-87aa-2888b41aa345_20220427_212808.jpg	https://images.squarespace-cdn.com/content/v1/5d3c7cb83781cd0001256ce2/57db4982-cf58-49c6-87aa-2888b41aa345/20220427_212808.jpg
5ab7ad58-7f53-43d1-a0c7-fd89fc33fd96_2023-12-26_11.13.29.png	https://images.squarespace-cdn.com/content/v1/5d3c7cb83781cd0001256ce2/5ab7ad58-7f53-43d1-a0c7-fd89fc33fd96/2023-12-26_11.13.29.png
5f6c4f36-8b25-45ad-920d-3fe155831d42_20220910_170737.jpg	https://images.squarespace-cdn.com/content/v1/5d3c7cb83781cd0001256ce2/5f6c4f36-8b25-45ad-920d-3fe155831d42/20220910_170737.jpg
5f759180-040a-4ceb-8573-b1dd9b632575_2023-12-26_11.10.03.png	https://images.squarespace-cdn.com/content/v1/5d3c7cb83781cd0001256ce2/5f759180-040a-4ceb-8573-b1dd9b632575/2023-12-26_11.10.03.png
69b76ec9-3140-416c-82f3-29f7d2e67e4d_20220910_170743.jpg	https://images.squarespace-cdn.com/content/v1/5d3c7cb83781cd0001256ce2/69b76ec9-3140-416c-82f3-29f7d2e67e4d/20220910_170743.jpg
7b20db49-a251-4326-b1c4-5f5833ca9e1d_algorithm.png	https://images.squarespace-cdn.com/content/v1/5d3c7cb83781cd0001256ce2/7b20db49-a251-4326-b1c4-5f5833ca9e1d/algorithm.png
7fb244cd-b5ab-4d0d-a5fb-21bd2279f8e5_2023-12-26_11.04.38.png	https://images.squarespace-cdn.com/content/v1/5d3c7cb83781cd0001256ce2/7fb244cd-b5ab-4d0d-a5fb-21bd2279f8e5/2023-12-26_11.04.38.png
97ce1a10-fed7-451c-9614-21a0af3e6083_Tesselation_19_cropped_small.png	https://images.squarespace-cdn.com/content/v1/5d3c7cb83781cd0001256ce2/97ce1a10-fed7-451c-9614-21a0af3e6083/Tesselation_19_cropped_small.png
9d20a791-5161-497f-92b6-478d0873199c_2023-12-26_11.08.23.png	https://images.squarespace-cdn.com/content/v1/5d3c7cb83781cd0001256ce2/9d20a791-5161-497f-92b6-478d0873199c/2023-12-26_11.08.23.png
a3623e3c-a52b-4d82-88f4-4585006ba21e_2022-08-18_20.11.51.png	https://images.squarespace-cdn.com/content/v1/5d3c7cb83781cd0001256ce2/a3623e3c-a52b-4d82-88f4-4585006ba21e/2022-08-18_20.11.51.png
a79e58db-f49d-4d85-ab54-a977f3bff682_2022-08-18_20.14.24.png	https://images.squarespace-cdn.com/content/v1/5d3c7cb83781cd0001256ce2/a79e58db-f49d-4d85-ab54-a977f3bff682/2022-08-18_20.14.24.png
ae7a3ec7-3df0-4920-b272-d262bb0346ea_PXL_20210225_044311037.jpg	https://images.squarespace-cdn.com/content/v1/5d3c7cb83781cd0001256ce2/ae7a3ec7-3df0-4920-b272-d262bb0346ea/PXL_20210225_044311037.jpg
b3860d11-a923-41f8-a6d2-219ca1226508_snowfall_over_cathedral_on_wall.jpg	https://images.squarespace-cdn.com/content/v1/5d3c7cb83781cd0001256ce2/b3860d11-a923-41f8-a6d2-219ca1226508/snowfall_over_cathedral_on_wall.jpg
ca65455c-0729-41db-a234-4b389b3b33c8_2022-08-18_20.17.14.png	https://images.squarespace-cdn.com/content/v1/5d3c7cb83781cd0001256ce2/ca65455c-0729-41db-a234-4b389b3b33c8/2022-08-18_20.17.14.png
cc27b5d6-393b-42f7-a84f-a1c445ba8bf7_2022-08-18_20.12.16.png	https://images.squarespace-cdn.com/content/v1/5d3c7cb83781cd0001256ce2/cc27b5d6-393b-42f7-a84f-a1c445ba8bf7/2022-08-18_20.12.16.png
ccde6032-67f0-45ba-8834-1d217186b014_PXL_20230317_023812701.jpg	https://images.squarespace-cdn.com/content/v1/5d3c7cb83781cd0001256ce2/ccde6032-67f0-45ba-8834-1d217186b014/PXL_20230317_023812701.jpg
cdf459cf-c4e4-4ab5-80cf-066c68534759_2023-12-26_11.04.54.png	https://images.squarespace-cdn.com/content/v1/5d3c7cb83781cd0001256ce2/cdf459cf-c4e4-4ab5-80cf-066c68534759/2023-12-26_11.04.54.png
d0c397f1-7a3f-41a8-bcaa-14abb51da604_algorithm.png	https://images.squarespace-cdn.com/content/v1/5d3c7cb83781cd0001256ce2/d0c397f1-7a3f-41a8-bcaa-14abb51da604/algorithm.png
d30a1e79-2160-4858-8130-8e4994e473aa_2022-08-18_20.15.28.png	https://images.squarespace-cdn.com/content/v1/5d3c7cb83781cd0001256ce2/d30a1e79-2160-4858-8130-8e4994e473aa/2022-08-18_20.15.28.png
d7c1b67f-38b3-4599-802b-8443e4876624_frog.png	https://images.squarespace-cdn.com/content/v1/5d3c7cb83781cd0001256ce2/d7c1b67f-38b3-4599-802b-8443e4876624/frog.png
d83144ba-3986-49b4-a1d2-e5caa51b5ecb_PXL_20230120_010535387.jpg	https://images.squarespace-cdn.com/content/v1/5d3c7cb83781cd0001256ce2/d83144ba-3986-49b4-a1d2-e5caa51b5ecb/PXL_20230120_010535387.jpg
e615cdb9-692a-40fb-8265-b85ba5a49d20_2022-07-12_23.11.37.png	https://images.squarespace-cdn.com/content/v1/5d3c7cb83781cd0001256ce2/e615cdb9-692a-40fb-8265-b85ba5a49d20/2022-07-12_23.11.37.png
e97396ef-8c20-4257-bd07-5da347fd4072_2022-08-18_20.12.39.png	https://images.squarespace-cdn.com/content/v1/5d3c7cb83781cd0001256ce2/e97396ef-8c20-4257-bd07-5da347fd4072/2022-08-18_20.12.39.png
ee6f0a76-1651-400d-88c6-be4d67336159_algorithm.png	https://images.squarespace-cdn.com/content/v1/5d3c7cb83781cd0001256ce2/ee6f0a76-1651-400d-88c6-be4d67336159/algorithm.png
f74042e1-52f4-4e54-b1a0-704045e2e7b2_2023-12-26_11.10.19.png	https://images.squarespace-cdn.com/content/v1/5d3c7cb83781cd0001256ce2/f74042e1-52f4-4e54-b1a0-704045e2e7b2/2023-12-26_11.10.19.png
f7b92ae9-4e88-4d6a-a6e8-a3e463c1b193_2023-12-26_11.03.08.png	https://images.squarespace-cdn.com/content/v1/5d3c7cb83781cd0001256ce2/f7b92ae9-4e88-4d6a-a6e8-a3e463c1b193/2023-12-26_11.03.08.png
f9073531-3754-408d-b417-df9ae970883c_PXL_20221107_004855580.jpg	https://images.squarespace-cdn.com/content/v1/5d3c7cb83781cd0001256ce2/f9073531-3754-408d-b417-df9ae970883c/PXL_20221107_004855580.jpg
fadcd937-da46-4534-b610-c4741ddb0376_2022-08-18_20.16.26.png	https://images.squarespace-cdn.com/content/v1/5d3c7cb83781cd0001256ce2/fadcd937-da46-4534-b610-c4741ddb0376/2022-08-18_20.16.26.png
fafbfb92-ee65-4ed4-aa1f-b1ab8a5c235c_algorithm.png	https://images.squarespace-cdn.com/content/v1/5d3c7cb83781cd0001256ce2/fafbfb92-ee65-4ed4-aa1f-b1ab8a5c235c/algorithm.png
fc02400a-8a92-4bc2-81ab-f379a199c86f_2023-12-26_11.05.17.png	https://images.squarespace-cdn.com/content/v1/5d3c7cb83781cd0001256ce2/fc02400a-8a92-4bc2-81ab-f379a199c86f/2023-12-26_11.05.17.png
